{
  "project_info": {
    "project_number": "425842973594",
    "project_id": "damohgame-77aba",
    "storage_bucket": "damohgame-77aba.appspot.com"
  },
  "client": [
    {
      "client_info": {
        "mobilesdk_app_id": "1:425842973594:android:5258dd62bfd2510ee7b823",
        "android_client_info": {
          "package_name": "com.DefaultCompany.DamohGame"
        }
      },
      "oauth_client": [],
      "api_key": [
        {
          "current_key": "AIzaSyCgkxlbgmp3lv-XMUAfJiw88tH8Bh2PT7Y"
        }
      ],
      "services": {
        "appinvite_service": {
          "other_platform_oauth_client": []
        }
      }
    }
  ],
  "configuration_version": "1"
}